Variable,Beta_Mean,Beta_Std,Beta_Min,Beta_Max,Pct_Positive
Intercept,1.800343,0.086917,1.643117,1.980984,100.0
CO2_Mt,-3.246392,0.562888,-4.118979,-2.248918,0.0
RE_Share_pct,0.0,0.0,0.0,0.0,0.0
Coal_MW,2.252602,0.585599,1.238868,3.171006,100.0
N_Smelters,0.927395,0.155622,0.503129,1.159207,100.0
Emission_Intensity,3.224094,0.437663,2.581709,3.862432,100.0
MODEL_GLOBAL,0.4273,4.0649,1.7901,48.0,2.0
